{
  "project_info": {
    "project_number": "865480910296",
    "firebase_url": "https://regeister-5dae6.firebaseio.com",
    "project_id": "regeister-5dae6",
    "storage_bucket": "regeister-5dae6.appspot.com"
  },
  "client": [
    {
      "client_info": {
        "mobilesdk_app_id": "1:865480910296:android:5328072de2521019",
        "android_client_info": {
          "package_name": "com.example.firebasereg"
        }
      },
      "oauth_client": [
        {
          "client_id": "865480910296-p85td4qreov4ov60cjkmbe2r4cmpl81i.apps.googleusercontent.com",
          "client_type": 1,
          "android_info": {
            "package_name": "com.example.firebasereg",
            "certificate_hash": "7db48ed03fc7c51e0c1e320b17174afc8c28e6b4"
          }
        },
        {
          "client_id": "865480910296-7gqojtd2ams60q9m10264ni51l0q1hch.apps.googleusercontent.com",
          "client_type": 1,
          "android_info": {
            "package_name": "com.example.firebasereg",
            "certificate_hash": "edb651306c600792d9faef2e327b879b9a869d4f"
          }
        },
        {
          "client_id": "865480910296-bunv2f6jpmdnmn50taiu7naj071fi3kt.apps.googleusercontent.com",
          "client_type": 1,
          "android_info": {
            "package_name": "com.example.firebasereg",
            "certificate_hash": "092049c2ec276cc80956ec6d4876318d25b9afcd"
          }
        },
        {
          "client_id": "865480910296-r7mb8j6cc10pcib0nr6ifvv3kt8d79sp.apps.googleusercontent.com",
          "client_type": 1,
          "android_info": {
            "package_name": "com.example.firebasereg",
            "certificate_hash": "9f553d6c3b6fb11529477bf713bfa25004dd5e25"
          }
        },
        {
          "client_id": "865480910296-1ps3mtrgin174u84plvqctu6dt2i8m7t.apps.googleusercontent.com",
          "client_type": 3
        }
      ],
      "api_key": [
        {
          "current_key": "AIzaSyCQucRNR135EZbarAwlgv51VZocMWoMNV4"
        }
      ],
      "services": {
        "appinvite_service": {
          "other_platform_oauth_client": [
            {
              "client_id": "865480910296-1ps3mtrgin174u84plvqctu6dt2i8m7t.apps.googleusercontent.com",
              "client_type": 3
            }
          ]
        }
      }
    },
    {
      "client_info": {
        "mobilesdk_app_id": "1:865480910296:android:2c2dc9c10935bb2f",
        "android_client_info": {
          "package_name": "com.example.jeet.truecallerapp"
        }
      },
      "oauth_client": [
        {
          "client_id": "865480910296-0cnkrp4tq652qo31jb4p5jcffuihokve.apps.googleusercontent.com",
          "client_type": 1,
          "android_info": {
            "package_name": "com.example.jeet.truecallerapp",
            "certificate_hash": "9f553d6c3b6fb11529477bf713bfa25004dd5e25"
          }
        },
        {
          "client_id": "865480910296-q4bavqto8ng4b56q595sk59eglmlicq6.apps.googleusercontent.com",
          "client_type": 1,
          "android_info": {
            "package_name": "com.example.jeet.truecallerapp",
            "certificate_hash": "092049c2ec276cc80956ec6d4876318d25b9afcd"
          }
        },
        {
          "client_id": "865480910296-1ps3mtrgin174u84plvqctu6dt2i8m7t.apps.googleusercontent.com",
          "client_type": 3
        }
      ],
      "api_key": [
        {
          "current_key": "AIzaSyCQucRNR135EZbarAwlgv51VZocMWoMNV4"
        }
      ],
      "services": {
        "appinvite_service": {
          "other_platform_oauth_client": [
            {
              "client_id": "865480910296-1ps3mtrgin174u84plvqctu6dt2i8m7t.apps.googleusercontent.com",
              "client_type": 3
            }
          ]
        }
      }
    },
    {
      "client_info": {
        "mobilesdk_app_id": "1:865480910296:android:5591ab9e68a9fb22",
        "android_client_info": {
          "package_name": "com.example.yunju.speakerrecognition"
        }
      },
      "oauth_client": [
        {
          "client_id": "865480910296-85ut6ms7grk8kd2hkb2up9itm93tuh4p.apps.googleusercontent.com",
          "client_type": 1,
          "android_info": {
            "package_name": "com.example.yunju.speakerrecognition",
            "certificate_hash": "7db48ed03fc7c51e0c1e320b17174afc8c28e6b4"
          }
        },
        {
          "client_id": "865480910296-1ps3mtrgin174u84plvqctu6dt2i8m7t.apps.googleusercontent.com",
          "client_type": 3
        }
      ],
      "api_key": [
        {
          "current_key": "AIzaSyCQucRNR135EZbarAwlgv51VZocMWoMNV4"
        }
      ],
      "services": {
        "appinvite_service": {
          "other_platform_oauth_client": [
            {
              "client_id": "865480910296-1ps3mtrgin174u84plvqctu6dt2i8m7t.apps.googleusercontent.com",
              "client_type": 3
            }
          ]
        }
      }
    }
  ],
  "configuration_version": "1"
}